what,kind,bundleId,bundleVersion,description,time
executed,command,com.pittypanda.plugins.couch,1.0.0.201010261838,"com.pittypanda.plugins.couch.commands.push",1340316467109
activated,workbench,org.eclipse.ui.workbench,3.7.1.v20120104-1859,"",1340316472671
activated,editor,org.eclipse.wst.jsdt.ui,1.1.102.v201201131900,"org.eclipse.wst.jsdt.ui.CompilationUnitEditor",1340316474517
activated,editor,org.eclipse.wst.jsdt.ui,1.1.102.v201201131900,"org.eclipse.wst.jsdt.ui.CompilationUnitEditor",1340316479360
activated,view,org.eclipse.ui.ide,3.7.0.v20110928-1505,"org.eclipse.ui.views.ResourceNavigator",1340316484948
activated,editor,org.eclipse.wst.jsdt.ui,1.1.102.v201201131900,"org.eclipse.wst.jsdt.ui.CompilationUnitEditor",1340316487337
activated,editor,org.eclipse.wst.jsdt.ui,1.1.102.v201201131900,"org.eclipse.wst.jsdt.ui.CompilationUnitEditor",1340316487390
closed,editor,org.eclipse.wst.jsdt.ui,1.1.102.v201201131900,"org.eclipse.wst.jsdt.ui.CompilationUnitEditor",1340316487390
activated,view,org.eclipse.ui.ide,3.7.0.v20110928-1505,"org.eclipse.ui.views.ResourceNavigator",1340316489648
deactivated,workbench,org.eclipse.ui.workbench,3.7.1.v20120104-1859,"",1340316491500
executed,command,com.pittypanda.plugins.couch,1.0.0.201010261838,"com.pittypanda.plugins.couch.commands.push",1340316493015
activated,workbench,org.eclipse.ui.workbench,3.7.1.v20120104-1859,"",1340316513248
activated,editor,org.eclipse.wst.jsdt.ui,1.1.102.v201201131900,"org.eclipse.wst.jsdt.ui.CompilationUnitEditor",1340316515255
executed,command,org.eclipse.ui,3.7.0.v20110928-1505,"org.eclipse.ui.edit.copy",1340316518890
executed,command,org.eclipse.ui,3.7.0.v20110928-1505,"org.eclipse.ui.edit.copy",1340316519070
executed,command,org.eclipse.ui,3.7.0.v20110928-1505,"org.eclipse.ui.edit.paste",1340316521050
executed,command,org.eclipse.ui,3.7.0.v20110928-1505,"org.eclipse.ui.file.save",1340316523205
activated,view,org.eclipse.ui.ide,3.7.0.v20110928-1505,"org.eclipse.ui.views.ResourceNavigator",1340316527183
deactivated,workbench,org.eclipse.ui.workbench,3.7.1.v20120104-1859,"",1340316529010
executed,command,com.pittypanda.plugins.couch,1.0.0.201010261838,"com.pittypanda.plugins.couch.commands.push",1340316530441
activated,workbench,org.eclipse.ui.workbench,3.7.1.v20120104-1859,"",1340316542416
activated,editor,org.eclipse.wst.jsdt.ui,1.1.102.v201201131900,"org.eclipse.wst.jsdt.ui.CompilationUnitEditor",1340316547423
executed,command,org.eclipse.ui,3.7.0.v20110928-1505,"org.eclipse.ui.file.save",1340316556108
activated,view,org.eclipse.ui.ide,3.7.0.v20110928-1505,"org.eclipse.ui.views.ResourceNavigator",1340316560266
deactivated,workbench,org.eclipse.ui.workbench,3.7.1.v20120104-1859,"",1340316562153
executed,command,com.pittypanda.plugins.couch,1.0.0.201010261838,"com.pittypanda.plugins.couch.commands.push",1340316563445
activated,workbench,org.eclipse.ui.workbench,3.7.1.v20120104-1859,"",1340316567626
deactivated,workbench,org.eclipse.ui.workbench,3.7.1.v20120104-1859,"",1340316571475
executed,command,com.pittypanda.plugins.couch,1.0.0.201010261838,"com.pittypanda.plugins.couch.commands.push",1340316572879
activated,workbench,org.eclipse.ui.workbench,3.7.1.v20120104-1859,"",1340316578232
activated,editor,org.eclipse.wst.jsdt.ui,1.1.102.v201201131900,"org.eclipse.wst.jsdt.ui.CompilationUnitEditor",1340316580382
executed,command,org.eclipse.ui,3.7.0.v20110928-1505,"org.eclipse.ui.file.save",1340316594636
deactivated,workbench,org.eclipse.ui.workbench,3.7.1.v20120104-1859,"",1340316639604
activated,workbench,org.eclipse.ui.workbench,3.7.1.v20120104-1859,"",1340316940000
deactivated,workbench,org.eclipse.ui.workbench,3.7.1.v20120104-1859,"",1340316961983
activated,workbench,org.eclipse.ui.workbench,3.7.1.v20120104-1859,"",1340316966094
deactivated,workbench,org.eclipse.ui.workbench,3.7.1.v20120104-1859,"",1340317059064
activated,workbench,org.eclipse.ui.workbench,3.7.1.v20120104-1859,"",1340317215066
deactivated,workbench,org.eclipse.ui.workbench,3.7.1.v20120104-1859,"",1340317220035
activated,workbench,org.eclipse.ui.workbench,3.7.1.v20120104-1859,"",1340317236845
deactivated,workbench,org.eclipse.ui.workbench,3.7.1.v20120104-1859,"",1340317253166
activated,workbench,org.eclipse.ui.workbench,3.7.1.v20120104-1859,"",1340317328444
deactivated,workbench,org.eclipse.ui.workbench,3.7.1.v20120104-1859,"",1340317366723
activated,workbench,org.eclipse.ui.workbench,3.7.1.v20120104-1859,"",1340317385810
deactivated,workbench,org.eclipse.ui.workbench,3.7.1.v20120104-1859,"",1340317424003
activated,workbench,org.eclipse.ui.workbench,3.7.1.v20120104-1859,"",1340317433059
deactivated,workbench,org.eclipse.ui.workbench,3.7.1.v20120104-1859,"",1340317439857
activated,workbench,org.eclipse.ui.workbench,3.7.1.v20120104-1859,"",1340317478644
activated,view,org.eclipse.ui.ide,3.7.0.v20110928-1505,"org.eclipse.ui.views.ResourceNavigator",1340317500080
opened,editor,org.eclipse.wst.jsdt.ui,1.1.102.v201201131900,"org.eclipse.wst.jsdt.ui.CompilationUnitEditor",1340317500497
activated,editor,org.eclipse.wst.jsdt.ui,1.1.102.v201201131900,"org.eclipse.wst.jsdt.ui.CompilationUnitEditor",1340317500519
deactivated,workbench,org.eclipse.ui.workbench,3.7.1.v20120104-1859,"",1340317515833
activated,workbench,org.eclipse.ui.workbench,3.7.1.v20120104-1859,"",1340317544721
deactivated,workbench,org.eclipse.ui.workbench,3.7.1.v20120104-1859,"",1340317554624
activated,workbench,org.eclipse.ui.workbench,3.7.1.v20120104-1859,"",1340317589876
activated,editor,org.eclipse.wst.jsdt.ui,1.1.102.v201201131900,"org.eclipse.wst.jsdt.ui.CompilationUnitEditor",1340317592911
deactivated,workbench,org.eclipse.ui.workbench,3.7.1.v20120104-1859,"",1340317622276
activated,workbench,org.eclipse.ui.workbench,3.7.1.v20120104-1859,"",1340317650199
deactivated,workbench,org.eclipse.ui.workbench,3.7.1.v20120104-1859,"",1340317663113
activated,workbench,org.eclipse.ui.workbench,3.7.1.v20120104-1859,"",1340317665717
deactivated,workbench,org.eclipse.ui.workbench,3.7.1.v20120104-1859,"",1340317669481
activated,workbench,org.eclipse.ui.workbench,3.7.1.v20120104-1859,"",1340317735629
activated,editor,org.eclipse.wst.jsdt.ui,1.1.102.v201201131900,"org.eclipse.wst.jsdt.ui.CompilationUnitEditor",1340317739037
deactivated,workbench,org.eclipse.ui.workbench,3.7.1.v20120104-1859,"",1340317763836
activated,workbench,org.eclipse.ui.workbench,3.7.1.v20120104-1859,"",1340317765358
deactivated,workbench,org.eclipse.ui.workbench,3.7.1.v20120104-1859,"",1340317778182
activated,workbench,org.eclipse.ui.workbench,3.7.1.v20120104-1859,"",1340317779609
executed,command,org.eclipse.ui,3.7.0.v20110928-1505,"org.eclipse.ui.file.save",1340317783539
deactivated,workbench,org.eclipse.ui.workbench,3.7.1.v20120104-1859,"",1340317789094
activated,workbench,org.eclipse.ui.workbench,3.7.1.v20120104-1859,"",1340317790624
deactivated,workbench,org.eclipse.ui.workbench,3.7.1.v20120104-1859,"",1340317791783
activated,workbench,org.eclipse.ui.workbench,3.7.1.v20120104-1859,"",1340317795891
activated,view,org.eclipse.ui.ide,3.7.0.v20110928-1505,"org.eclipse.ui.views.ResourceNavigator",1340317798262
activated,editor,org.eclipse.wst.jsdt.ui,1.1.102.v201201131900,"org.eclipse.wst.jsdt.ui.CompilationUnitEditor",1340317799713
deactivated,workbench,org.eclipse.ui.workbench,3.7.1.v20120104-1859,"",1340317801172
executed,command,org.eclipse.ui,3.7.0.v20110928-1505,"org.eclipse.ui.edit.findReplace",1340317801180
activated,workbench,org.eclipse.ui.workbench,3.7.1.v20120104-1859,"",1340317802899
deactivated,workbench,org.eclipse.ui.workbench,3.7.1.v20120104-1859,"",1340317803740
executed,command,org.eclipse.ui,3.7.0.v20110928-1505,"org.eclipse.ui.edit.findReplace",1340317803767
activated,workbench,org.eclipse.ui.workbench,3.7.1.v20120104-1859,"",1340317805312
executed,command,org.eclipse.ui,3.7.0.v20110928-1505,"org.eclipse.ui.file.save",1340317807060
deactivated,workbench,org.eclipse.ui.workbench,3.7.1.v20120104-1859,"",1340317808042
executed,command,org.eclipse.ui,3.7.0.v20110928-1505,"org.eclipse.ui.edit.findReplace",1340317808074
activated,workbench,org.eclipse.ui.workbench,3.7.1.v20120104-1859,"",1340317811051
deactivated,workbench,org.eclipse.ui.workbench,3.7.1.v20120104-1859,"",1340317818527
activated,workbench,org.eclipse.ui.workbench,3.7.1.v20120104-1859,"",1340317825043
executed,command,org.eclipse.ui,3.7.0.v20110928-1505,"org.eclipse.ui.edit.paste",1340317830650
deactivated,workbench,org.eclipse.ui.workbench,3.7.1.v20120104-1859,"",1340317847558
activated,workbench,org.eclipse.ui.workbench,3.7.1.v20120104-1859,"",1340317851283
deactivated,workbench,org.eclipse.ui.workbench,3.7.1.v20120104-1859,"",1340317852588
activated,workbench,org.eclipse.ui.workbench,3.7.1.v20120104-1859,"",1340317854676
deactivated,workbench,org.eclipse.ui.workbench,3.7.1.v20120104-1859,"",1340317859184
activated,workbench,org.eclipse.ui.workbench,3.7.1.v20120104-1859,"",1340317866405
deactivated,workbench,org.eclipse.ui.workbench,3.7.1.v20120104-1859,"",1340317870807
activated,workbench,org.eclipse.ui.workbench,3.7.1.v20120104-1859,"",1340317877344
executed,command,org.eclipse.ui,3.7.0.v20110928-1505,"org.eclipse.ui.edit.paste",1340317882376
deactivated,workbench,org.eclipse.ui.workbench,3.7.1.v20120104-1859,"",1340317914150
activated,workbench,org.eclipse.ui.workbench,3.7.1.v20120104-1859,"",1340317932443
deactivated,workbench,org.eclipse.ui.workbench,3.7.1.v20120104-1859,"",1340317953679
activated,workbench,org.eclipse.ui.workbench,3.7.1.v20120104-1859,"",1340317959417
executed,command,org.eclipse.ui,3.7.0.v20110928-1505,"org.eclipse.ui.file.save",1340317963490
deactivated,workbench,org.eclipse.ui.workbench,3.7.1.v20120104-1859,"",1340317974729
activated,workbench,org.eclipse.ui.workbench,3.7.1.v20120104-1859,"",1340317976143
closed,workbench,org.eclipse.ui.workbench,3.7.1.v20120104-1859,"",1340317976376
stopped,bundle,org.eclipse.equinox.p2.ui.sdk,1.0.200.v20110815-1419,"org.eclipse.equinox.p2.ui.sdk",1340317976997
stopped,bundle,org.eclipse.wst.xsl.jaxp.debug.ui,1.0.200.v201103081922,"org.eclipse.wst.xsl.jaxp.debug.ui",1340317976998
stopped,bundle,overlay.com.android.ide.eclipse.adt.overlay,18.0.0.v201203301601-306762,"overlay.com.android.ide.eclipse.adt.overlay",1340317976998
stopped,bundle,com.android.ide.eclipse.adt,18.0.0.v201203301601-306762,"com.android.ide.eclipse.adt",1340317976998
stopped,bundle,org.eclipse.jdt.junit,3.7.0.v20110928-1453,"org.eclipse.jdt.junit",1340317976999
stopped,bundle,org.eclipse.jdt.debug.ui,3.6.1.v20111006_r372,"org.eclipse.jdt.debug.ui",1340317977000
stopped,bundle,org.eclipse.jdt.ui,3.7.2.v20120109-1427,"org.eclipse.jdt.ui",1340317977019
stopped,bundle,org.eclipse.wst.dtd.ui,1.0.600.v201103171359,"org.eclipse.wst.dtd.ui",1340317977019
stopped,bundle,org.eclipse.wst.jsdt.web.ui,1.0.401.v201108152113,"org.eclipse.wst.jsdt.web.ui",1340317977019
stopped,bundle,org.eclipse.wst.web.ui,1.1.500.v201111030500,"org.eclipse.wst.web.ui",1340317977019
stopped,bundle,org.eclipse.wst.html.ui,1.0.602.v201202091936,"org.eclipse.wst.html.ui",1340317977019
stopped,bundle,org.eclipse.wst.css.ui,1.0.601.v201201101544,"org.eclipse.wst.css.ui",1340317977019
stopped,bundle,org.eclipse.wst.xsl.exslt.ui,1.0.0.v201006012005,"org.eclipse.wst.xsl.exslt.ui",1340317977020
stopped,bundle,org.eclipse.wst.xsl.ui,1.1.200.v201103082057,"org.eclipse.wst.xsl.ui",1340317977022
stopped,bundle,org.eclipse.wst.xml.xpath.ui,1.1.100.v201105030025,"org.eclipse.wst.xml.xpath.ui",1340317977022
stopped,bundle,org.eclipse.wst.xsd.ui,1.2.404.v201105050216,"org.eclipse.wst.xsd.ui",1340317977024
stopped,bundle,org.eclipse.wst.xsl.debug.ui,1.0.200.v201101281837,"org.eclipse.wst.xsl.debug.ui",1340317977024
stopped,bundle,org.eclipse.wst.xml.ui,1.1.202.v201112071516,"org.eclipse.wst.xml.ui",1340317977024
stopped,bundle,org.eclipse.wst.common.ui,1.1.500.v200911190730,"org.eclipse.wst.common.ui",1340317977025
stopped,bundle,org.eclipse.wst.jsdt.debug.rhino.ui,1.0.1.v201201112313,"org.eclipse.wst.jsdt.debug.rhino.ui",1340317977025
stopped,bundle,org.eclipse.wst.jsdt.debug.ui,1.0.101.v201201112313,"org.eclipse.wst.jsdt.debug.ui",1340317977025
stopped,bundle,org.eclipse.wst.jsdt.support.firefox,1.0.400.v201008112000,"org.eclipse.wst.jsdt.support.firefox",1340317977025
stopped,bundle,org.eclipse.wst.jsdt.ui,1.1.102.v201201131900,"org.eclipse.wst.jsdt.ui",1340317977027
stopped,bundle,org.eclipse.wst.sse.ui,1.3.2.v201201041522,"org.eclipse.wst.sse.ui",1340317977028
activated,perspective,org.eclipse.wst.jsdt.ui,,"org.eclipse.wst.jsdt.ui.JavaPerspective",1340318239300
started,bundle,org.eclipse.osgi,3.7.2.v20120110-1415,"org.eclipse.osgi",1340318239301
started,bundle,org.eclipse.equinox.simpleconfigurator,1.0.200.v20110815-1438,"org.eclipse.equinox.simpleconfigurator",1340318239302
started,bundle,com.ibm.icu,4.4.2.v20110823,"com.ibm.icu",1340318239302
started,bundle,org.eclipse.compare.core,3.5.200.I20110208-0800,"org.eclipse.compare.core",1340318239302
started,bundle,org.eclipse.core.contenttype,3.4.100.v20110423-0524,"org.eclipse.core.contenttype",1340318239303
started,bundle,org.eclipse.core.databinding.observable,1.4.0.I20110222-0800,"org.eclipse.core.databinding.observable",1340318239303
started,bundle,org.eclipse.core.expressions,3.4.300.v20110228,"org.eclipse.core.expressions",1340318239304
started,bundle,org.eclipse.core.filebuffers,3.5.200.v20110928-1504,"org.eclipse.core.filebuffers",1340318239304
started,bundle,org.eclipse.core.filesystem,1.3.100.v20110423-0524,"org.eclipse.core.filesystem",1340318239305
started,bundle,org.eclipse.core.jobs,3.5.101.v20120113-1953,"org.eclipse.core.jobs",1340318239305
started,bundle,org.eclipse.core.net,1.2.100.I20110511-0800,"org.eclipse.core.net",1340318239305
started,bundle,org.eclipse.core.resources,3.7.101.v20120125-1505,"org.eclipse.core.resources",1340318239306
started,bundle,org.eclipse.core.runtime,3.7.0.v20110110,"org.eclipse.core.runtime",1340318239306
started,bundle,org.eclipse.core.runtime.compatibility,3.2.100.v20100505,"org.eclipse.core.runtime.compatibility",1340318239306
started,bundle,org.eclipse.core.runtime.compatibility.auth,3.2.200.v20110110,"org.eclipse.core.runtime.compatibility.auth",1340318239307
started,bundle,org.eclipse.core.variables,3.2.500.v20110928-1503,"org.eclipse.core.variables",1340318239345
started,bundle,org.eclipse.epp.mpc.ui,1.1.1.I20110907-0947,"org.eclipse.epp.mpc.ui",1340318239345
started,bundle,org.eclipse.epp.usagedata.gathering,1.3.1.R201106061540,"org.eclipse.epp.usagedata.gathering",1340318239345
started,bundle,org.eclipse.epp.usagedata.recording,1.3.1.R201106061540,"org.eclipse.epp.usagedata.recording",1340318239346
started,bundle,org.eclipse.equinox.app,1.3.100.v20110321,"org.eclipse.equinox.app",1340318239355
started,bundle,org.eclipse.equinox.common,3.6.0.v20110523,"org.eclipse.equinox.common",1340318239356
started,bundle,org.eclipse.equinox.ds,1.3.1.R37x_v20110701,"org.eclipse.equinox.ds",1340318239356
started,bundle,org.eclipse.equinox.event,1.2.100.v20110502,"org.eclipse.equinox.event",1340318239356
started,bundle,org.eclipse.equinox.p2.core,2.1.1.v20120113-1346,"org.eclipse.equinox.p2.core",1340318239357
started,bundle,org.eclipse.equinox.p2.directorywatcher,1.0.300.v20110815-1419,"org.eclipse.equinox.p2.directorywatcher",1340318239357
started,bundle,org.eclipse.equinox.p2.engine,2.1.1.R37x_v20111003,"org.eclipse.equinox.p2.engine",1340318239357
started,bundle,org.eclipse.equinox.p2.metadata,2.1.0.v20110815-1419,"org.eclipse.equinox.p2.metadata",1340318239358
started,bundle,org.eclipse.equinox.p2.metadata.repository,1.2.0.v20110815-1419,"org.eclipse.equinox.p2.metadata.repository",1340318239358
started,bundle,org.eclipse.equinox.p2.operations,2.1.1.R37x_v20111111,"org.eclipse.equinox.p2.operations",1340318239358
started,bundle,org.eclipse.equinox.p2.reconciler.dropins,1.1.100.v20110815-1419,"org.eclipse.equinox.p2.reconciler.dropins",1340318239359
started,bundle,org.eclipse.equinox.p2.repository,2.1.1.v20120113-1346,"org.eclipse.equinox.p2.repository",1340318239371
started,bundle,org.eclipse.equinox.p2.ui.sdk.scheduler,1.0.100.v20110815-1419,"org.eclipse.equinox.p2.ui.sdk.scheduler",1340318239385
started,bundle,org.eclipse.equinox.p2.updatechecker,1.1.200.v20110815-1419,"org.eclipse.equinox.p2.updatechecker",1340318239386
started,bundle,org.eclipse.equinox.preferences,3.4.2.v20120111-2020,"org.eclipse.equinox.preferences",1340318239386
started,bundle,org.eclipse.equinox.registry,3.5.101.R37x_v20110810-1611,"org.eclipse.equinox.registry",1340318239386
started,bundle,org.eclipse.equinox.security,1.1.1.R37x_v20110822-1018,"org.eclipse.equinox.security",1340318239407
started,bundle,org.eclipse.equinox.util,1.0.300.v20110502,"org.eclipse.equinox.util",1340318239407
started,bundle,org.eclipse.help,3.5.100.v20110426,"org.eclipse.help",1340318239408
started,bundle,org.eclipse.jdt.core,3.7.3.v20120119-1537,"org.eclipse.jdt.core",1340318239408
started,bundle,org.eclipse.jdt.core.manipulation,1.4.0.v20110928-1453,"org.eclipse.jdt.core.manipulation",1340318239409
started,bundle,org.eclipse.jdt.ui,3.7.2.v20120109-1427,"org.eclipse.jdt.ui",1340318239410
started,bundle,org.eclipse.jface,3.7.0.v20110928-1505,"org.eclipse.jface",1340318239411
started,bundle,org.eclipse.ltk.core.refactoring,3.5.201.r372_v20111101-0700,"org.eclipse.ltk.core.refactoring",1340318239411
started,bundle,org.eclipse.ltk.ui.refactoring,3.6.0.v20110928-1453,"org.eclipse.ltk.ui.refactoring",1340318239412
started,bundle,org.eclipse.team.core,3.6.0.I20110525-0800,"org.eclipse.team.core",1340318239412
started,bundle,org.eclipse.ui,3.7.0.v20110928-1505,"org.eclipse.ui",1340318239413
started,bundle,org.eclipse.ui.console,3.5.100.v20111007_r372,"org.eclipse.ui.console",1340318239413
started,bundle,org.eclipse.ui.editors,3.7.0.v20110928-1504,"org.eclipse.ui.editors",1340318239413
started,bundle,org.eclipse.ui.forms,3.5.101.v20111011-1919,"org.eclipse.ui.forms",1340318239413
started,bundle,org.eclipse.ui.ide,3.7.0.v20110928-1505,"org.eclipse.ui.ide",1340318239414
started,bundle,org.eclipse.ui.net,1.2.100.v20111208-1155,"org.eclipse.ui.net",1340318239414
started,bundle,org.eclipse.ui.views,3.6.0.v20110928-1505,"org.eclipse.ui.views",1340318239415
started,bundle,org.eclipse.ui.workbench,3.7.1.v20120104-1859,"org.eclipse.ui.workbench",1340318239415
started,bundle,org.eclipse.ui.workbench.texteditor,3.7.0.v20110928-1504,"org.eclipse.ui.workbench.texteditor",1340318239416
started,bundle,org.eclipse.update.configurator,3.3.100.v20100512,"org.eclipse.update.configurator",1340318239416
started,bundle,org.eclipse.update.core,3.2.500.v20110330,"org.eclipse.update.core",1340318239416
started,bundle,org.eclipse.update.scheduler,3.2.300.v20100512,"org.eclipse.update.scheduler",1340318239417
started,bundle,org.eclipse.wst.html.core,1.1.502.v201202091936,"org.eclipse.wst.html.core",1340318239417
started,bundle,org.eclipse.wst.jsdt.core,1.1.102.v201111090634,"org.eclipse.wst.jsdt.core",1340318239417
started,bundle,org.eclipse.wst.jsdt.manipulation,1.0.300.v201104272153,"org.eclipse.wst.jsdt.manipulation",1340318239418
started,bundle,org.eclipse.wst.jsdt.ui,1.1.102.v201201131900,"org.eclipse.wst.jsdt.ui",1340318239418
started,bundle,org.eclipse.wst.sse.core,1.1.602.v201112071516,"org.eclipse.wst.sse.core",1340318239418
started,bundle,com.android.ide.eclipse.adt,18.0.0.v201203301601-306762,"com.android.ide.eclipse.adt",1340318239418
os,sysinfo,,,"macosx",1340318239420
arch,sysinfo,,,"x86_64",1340318239420
ws,sysinfo,,,"cocoa",1340318239420
locale,sysinfo,,,"en_US",1340318239420
processors,sysinfo,,,"8",1340318239420
java.runtime.name,sysinfo,,,"Java(TM) SE Runtime Environment",1340318239420
java.runtime.version,sysinfo,,,"1.6.0_33-b03-424-10M3720",1340318239420
java.specification.name,sysinfo,,,"Java Platform API Specification",1340318239420
java.specification.vendor,sysinfo,,,"Sun Microsystems Inc.",1340318239420
java.specification.version,sysinfo,,,"1.6",1340318239420
java.vendor,sysinfo,,,"Apple Inc.",1340318239420
java.version,sysinfo,,,"1.6.0_33",1340318239420
java.vm.info,sysinfo,,,"mixed mode",1340318239420
java.vm.name,sysinfo,,,"Java HotSpot(TM) 64-Bit Server VM",1340318239421
java.vm.specification.name,sysinfo,,,"Java Virtual Machine Specification",1340318239421
java.vm.specification.vendor,sysinfo,,,"Sun Microsystems Inc.",1340318239421
java.vm.specification.version,sysinfo,,,"1.0",1340318239421
java.vm.vendor,sysinfo,,,"Apple Inc.",1340318239421
java.vm.version,sysinfo,,,"20.8-b03-424",1340318239421
executed,command,org.eclipse.ui,3.7.0.v20110928-1505,"org.eclipse.ui.edit.selectAll",1340318259543
executed,command,org.eclipse.ui,3.7.0.v20110928-1505,"org.eclipse.ui.edit.copy",1340318260288
executed,command,org.eclipse.ui,3.7.0.v20110928-1505,"org.eclipse.ui.edit.copy",1340318260606
deactivated,workbench,org.eclipse.ui.workbench,3.7.1.v20120104-1859,"",1340318261399
activated,view,org.eclipse.ui.ide,3.7.0.v20110928-1505,"org.eclipse.ui.views.ResourceNavigator",1340318277386
activated,workbench,org.eclipse.ui.workbench,3.7.1.v20120104-1859,"",1340318277497
activated,editor,org.eclipse.wst.jsdt.ui,1.1.102.v201201131900,"org.eclipse.wst.jsdt.ui.CompilationUnitEditor",1340318280164
activated,view,org.eclipse.ui.ide,3.7.0.v20110928-1505,"org.eclipse.ui.views.ResourceNavigator",1340318346726
opened,editor,org.eclipse.wst.jsdt.ui,1.1.102.v201201131900,"org.eclipse.wst.jsdt.ui.CompilationUnitEditor",1340318347189
activated,editor,org.eclipse.wst.jsdt.ui,1.1.102.v201201131900,"org.eclipse.wst.jsdt.ui.CompilationUnitEditor",1340318347221
executed,command,org.eclipse.ui,3.7.0.v20110928-1505,"org.eclipse.ui.edit.copy",1340318350506
executed,command,org.eclipse.ui,3.7.0.v20110928-1505,"org.eclipse.ui.edit.copy",1340318350818
activated,editor,org.eclipse.wst.jsdt.ui,1.1.102.v201201131900,"org.eclipse.wst.jsdt.ui.CompilationUnitEditor",1340318351558
executed,command,org.eclipse.ui,3.7.0.v20110928-1505,"org.eclipse.ui.edit.paste",1340318354271
executed,command,org.eclipse.ui,3.7.0.v20110928-1505,"org.eclipse.ui.file.save",1340318371388
deactivated,workbench,org.eclipse.ui.workbench,3.7.1.v20120104-1859,"",1340318377467
executed,command,org.eclipse.ui,3.7.0.v20110928-1505,"org.eclipse.ui.edit.findReplace",1340318377507
activated,workbench,org.eclipse.ui.workbench,3.7.1.v20120104-1859,"",1340318382138
deactivated,workbench,org.eclipse.ui.workbench,3.7.1.v20120104-1859,"",1340318392509
activated,workbench,org.eclipse.ui.workbench,3.7.1.v20120104-1859,"",1340318433887
deactivated,workbench,org.eclipse.ui.workbench,3.7.1.v20120104-1859,"",1340318449557
executed,command,org.eclipse.ui,3.7.0.v20110928-1505,"org.eclipse.ui.edit.findReplace",1340318449575
activated,workbench,org.eclipse.ui.workbench,3.7.1.v20120104-1859,"",1340318469828
executed,command,org.eclipse.ui,3.7.0.v20110928-1505,"org.eclipse.ui.file.save",1340318477967
activated,view,org.eclipse.ui.ide,3.7.0.v20110928-1505,"org.eclipse.ui.views.ResourceNavigator",1340318481644
started,bundle,com.pittypanda.plugins.couch,1.0.0.201010261838,"com.pittypanda.plugins.couch",1340318484446
deactivated,workbench,org.eclipse.ui.workbench,3.7.1.v20120104-1859,"",1340318484460
activated,workbench,org.eclipse.ui.workbench,3.7.1.v20120104-1859,"",1340318486487
executed,command,com.pittypanda.plugins.couch,1.0.0.201010261838,"com.pittypanda.plugins.couch.commands.push",1340318489657
deactivated,workbench,org.eclipse.ui.workbench,3.7.1.v20120104-1859,"",1340318490286
activated,workbench,org.eclipse.ui.workbench,3.7.1.v20120104-1859,"",1340318625508
activated,editor,org.eclipse.wst.jsdt.ui,1.1.102.v201201131900,"org.eclipse.wst.jsdt.ui.CompilationUnitEditor",1340318691347
started,bundle,org.eclipse.wst.sse.ui,1.3.2.v201201041522,"org.eclipse.wst.sse.ui",1340318766277
started,bundle,org.eclipse.wst.xml.ui,1.1.202.v201112071516,"org.eclipse.wst.xml.ui",1340318766308
started,bundle,org.eclipse.wst.html.ui,1.0.602.v201202091936,"org.eclipse.wst.html.ui",1340318766309
started,bundle,org.eclipse.wst.xml.core,1.1.602.v201201091944,"org.eclipse.wst.xml.core",1340318766352
started,bundle,org.eclipse.debug.core,3.7.1.v20111129-2031,"org.eclipse.debug.core",1340318766426
started,bundle,org.eclipse.debug.ui,3.7.102.v20111129-1423_r372,"org.eclipse.debug.ui",1340318766482
started,bundle,org.eclipse.wst.css.core,1.1.501.v201111292150,"org.eclipse.wst.css.core",1340318766522
started,bundle,org.eclipse.wst.common.uriresolver,1.1.401.v201004280700,"org.eclipse.wst.common.uriresolver",1340318766524
started,bundle,org.eclipse.wst.jsdt.web.ui,1.0.401.v201108152113,"org.eclipse.wst.jsdt.web.ui",1340318766649
started,bundle,org.eclipse.wst.jsdt.web.core,1.0.401.v201108152113,"org.eclipse.wst.jsdt.web.core",1340318766659
started,bundle,org.eclipse.wst.css.ui,1.0.601.v201201101544,"org.eclipse.wst.css.ui",1340318766751
started,bundle,org.eclipse.wst.validation,1.2.303.v201202090300,"org.eclipse.wst.validation",1340318766794
started,bundle,org.eclipse.wst.common.project.facet.core,1.4.201.v201201101553,"org.eclipse.wst.common.project.facet.core",1340318766796
started,bundle,org.eclipse.wst.dtd.ui,1.0.600.v201103171359,"org.eclipse.wst.dtd.ui",1340318766872
started,bundle,org.eclipse.emf.common,2.7.0.v20120127-1122,"org.eclipse.emf.common",1340318766892
opened,editor,org.eclipse.wst.html.ui,1.0.602.v201202091936,"org.eclipse.wst.html.core.htmlsource.source",1340318766926
activated,editor,org.eclipse.wst.html.ui,1.0.602.v201202091936,"org.eclipse.wst.html.core.htmlsource.source",1340318767041
started,bundle,org.eclipse.wst.common.frameworks,1.2.102.v201201190400,"org.eclipse.wst.common.frameworks",1340318768374
activated,editor,org.eclipse.wst.jsdt.ui,1.1.102.v201201131900,"org.eclipse.wst.jsdt.ui.CompilationUnitEditor",1340318769575
executed,command,org.eclipse.ui,3.7.0.v20110928-1505,"org.eclipse.ui.edit.undo",1340318778503
executed,command,org.eclipse.ui,3.7.0.v20110928-1505,"org.eclipse.ui.file.save",1340318814429
deactivated,workbench,org.eclipse.ui.workbench,3.7.1.v20120104-1859,"",1340318815334
activated,workbench,org.eclipse.ui.workbench,3.7.1.v20120104-1859,"",1340318920869
deactivated,workbench,org.eclipse.ui.workbench,3.7.1.v20120104-1859,"",1340318927065
executed,command,org.eclipse.ui,3.7.0.v20110928-1505,"org.eclipse.ui.edit.findReplace",1340318927087
activated,workbench,org.eclipse.ui.workbench,3.7.1.v20120104-1859,"",1340318931847
deactivated,workbench,org.eclipse.ui.workbench,3.7.1.v20120104-1859,"",1340318971937
activated,workbench,org.eclipse.ui.workbench,3.7.1.v20120104-1859,"",1340318973326
deactivated,workbench,org.eclipse.ui.workbench,3.7.1.v20120104-1859,"",1340318989951
activated,workbench,org.eclipse.ui.workbench,3.7.1.v20120104-1859,"",1340319001864
started,bundle,org.eclipse.wst.server.core,1.1.304.v20120208_1420,"org.eclipse.wst.server.core",1340319011174
started,bundle,org.eclipse.wst.server.ui,1.3.0.v20120210_1439,"org.eclipse.wst.server.ui",1340319011185
deactivated,workbench,org.eclipse.ui.workbench,3.7.1.v20120104-1859,"",1340319016186
activated,workbench,org.eclipse.ui.workbench,3.7.1.v20120104-1859,"",1340319026718
deactivated,workbench,org.eclipse.ui.workbench,3.7.1.v20120104-1859,"",1340319031085
